﻿designator,quantity,value,pack,mpn,mount_type
"D1, D2",2,Green,LED_0805_2012Metric_Pad1.15x1.40mm_HandSolder,,smt
D3,1,BAT54J,D_SOD-323F,,smt
F1,1,Fuse HE 5A,Fuseholder_Blade_Mini_Keystone_3568,,tht
F2,1,Fuse HB 10A,Fuseholder_Blade_Mini_Keystone_3568,,tht
"FID1, FID2, FID3",3,Fiducial,Fiducial_1.5mm_Mask3mm,,smt
"H1, H2, H3, H4, H5",5,Mounting Hole M3,MountingHole_3.2mm_M3_DIN965_Pad,,tht
J1,1,Steppers In,0430452400,,tht
J10,1,RGB,JST_XH_B3B-XH-A_1x03_P2.50mm_Vertical,,tht
J11,1,Filament Sensor / Tach,JST_XH_B2B-XH-A_1x02_P2.50mm_Vertical,,tht
J12,1,Endstop X,JST_XH_B2B-XH-A_1x02_P2.50mm_Vertical,,tht
J13,1,Endstop Y,JST_XH_B2B-XH-A_1x02_P2.50mm_Vertical,,tht
J14,1,Fan Aux,JST_XH_B4B-XH-A_1x04_P2.50mm_Vertical,,tht
J15,1,Fan Part,JST_XH_B2B-XH-A_1x02_P2.50mm_Vertical,,tht
J16,1,Fan Hotend/Can HL,JST_XH_B2B-XH-A_1x02_P2.50mm_Vertical,,tht
J17,1,Motor X,JST_XH_B4B-XH-A_1x04_P2.50mm_Vertical,,tht
J19,1,Motor X1,JST_XH_B4B-XH-A_1x04_P2.50mm_Vertical,,tht
J2,1,Sensors In,"43045-22_00,01,02,10_",,tht
J20,1,Motor Z,JST_XH_B4B-XH-A_1x04_P2.50mm_Vertical,,tht
J21,1,Motor Z1,JST_XH_B4B-XH-A_1x04_P2.50mm_Vertical,,tht
J22,1,Motor Y1,JST_XH_B4B-XH-A_1x04_P2.50mm_Vertical,,tht
J23,1,Motor Y,JST_XH_B4B-XH-A_1x04_P2.50mm_Vertical,,tht
J24,1,Motor E,JST_XH_B4B-XH-A_1x04_P2.50mm_Vertical,,tht
J25,1,Endstop Q,JST_XH_B2B-XH-A_1x02_P2.50mm_Vertical,,tht
J26,1,Endstop Z,JST_XH_B2B-XH-A_1x02_P2.50mm_Vertical,,tht
J27,1,Probe/Optional Header,PinHeader_1x05_P2.54mm_Vertical,,tht
J3,1,Power In,39303055,,tht
J4,1,Hotend / Can 24V,XT30PWF,,tht
J5,1,Hotbed,AMASS_XT60PW-F_1x02_P7.20mm_Horizontal,,tht
J7,1,Thermistor Bed,JST_XH_B2B-XH-A_1x02_P2.50mm_Vertical,,tht
J8,1,Thermistor HE/Can L,JST_XH_B2B-XH-A_1x02_P2.50mm_Vertical,,tht
J9,1,Thermistor Aux,JST_XH_B2B-XH-A_1x02_P2.50mm_Vertical,,tht
JP1,1,AGND In/ GND Jumper,PinHeader_1x02_P2.54mm_Vertical,,tht
"R1, R2",2,4.7K,R_0805_2012Metric_Pad1.20x1.40mm_HandSolder,,smt
"TP1, TP2",2,Test TH,TestPoint_Pad_D2.0mm,,tht
"TP3, TP4",2,Test TA,TestPoint_Pad_D2.0mm,,tht
"TP5, TP6",2,Test TB,TestPoint_Pad_D2.0mm,,tht
