﻿pos_x,pos_y,rotation,side,designator,mpn,pack,value,mount_type,place
190.5,-70.375,90.0,top,D1,,LED_0805_2012Metric_Pad1.15x1.40mm_HandSolder,Green,smt,True
101.875216,-94.675216,135.0,top,D2,,LED_0805_2012Metric_Pad1.15x1.40mm_HandSolder,Green,smt,True
161.140344,-109.050855,-45.0,top,D3,,D_SOD-323F,BAT54J,smt,True
177.0,-90.0,90.0,top,F1,,Fuseholder_Blade_Mini_Keystone_3568,Fuse HE 5A,tht,True
104.794832,-99.990669,-45.0,top,F2,,Fuseholder_Blade_Mini_Keystone_3568,Fuse HB 10A,tht,True
99.2,-78.7,0.0,top,FID1,,Fiducial_1.5mm_Mask3mm,Fiducial,smt,False
158.7,-79.1,0.0,top,FID2,,Fiducial_1.5mm_Mask3mm,Fiducial,smt,False
126.275,-97.275,0.0,top,FID3,,Fiducial_1.5mm_Mask3mm,Fiducial,smt,False
106.075,-123.25,0.0,top,H1,,MountingHole_3.2mm_M3_DIN965_Pad,Mounting Hole M3,tht,False
197.1,-123.0,0.0,top,H2,,MountingHole_3.2mm_M3_DIN965_Pad,Mounting Hole M3,tht,False
141.8,-104.4,0.0,top,H3,,MountingHole_3.2mm_M3_DIN965_Pad,Mounting Hole M3,tht,False
197.1,-69.8,0.0,top,H4,,MountingHole_3.2mm_M3_DIN965_Pad,Mounting Hole M3,tht,False
91.0,-69.8,0.0,top,H5,,MountingHole_3.2mm_M3_DIN965_Pad,Mounting Hole M3,tht,False
146.84,-117.94,0.0,top,J1,,0430452400,Steppers In,tht,True
125.9,-84.9,180.0,top,J10,,JST_XH_B3B-XH-A_1x03_P2.50mm_Vertical,RGB,tht,True
152.0,-104.0,180.0,top,J11,,JST_XH_B2B-XH-A_1x02_P2.50mm_Vertical,Filament Sensor / Tach,tht,True
167.866665,-70.725,180.0,top,J12,,JST_XH_B2B-XH-A_1x02_P2.50mm_Vertical,Endstop X,tht,True
91.0,-77.5,-90.0,top,J13,,JST_XH_B2B-XH-A_1x02_P2.50mm_Vertical,Endstop Y,tht,True
110.6,-84.9,180.0,top,J14,,JST_XH_B4B-XH-A_1x04_P2.50mm_Vertical,Fan Aux,tht,True
152.0,-83.0,180.0,top,J15,,JST_XH_B2B-XH-A_1x02_P2.50mm_Vertical,Fan Part,tht,True
167.5,-83.0,180.0,top,J16,,JST_XH_B2B-XH-A_1x02_P2.50mm_Vertical,Fan Hotend/Can HL,tht,True
182.45,-70.725,180.0,top,J17,,JST_XH_B4B-XH-A_1x04_P2.50mm_Vertical,Motor X,tht,True
158.283332,-70.725,180.0,top,J19,,JST_XH_B4B-XH-A_1x04_P2.50mm_Vertical,Motor X1,tht,True
187.57825,-118.0,0.0,top,J2,,"43045-22_00,01,02,10_",Sensors In,tht,True
143.699999,-70.725,180.0,top,J20,,JST_XH_B4B-XH-A_1x04_P2.50mm_Vertical,Motor Z,tht,True
119.533333,-70.725,180.0,top,J21,,JST_XH_B4B-XH-A_1x04_P2.50mm_Vertical,Motor Z1,tht,True
104.95,-70.725,180.0,top,J22,,JST_XH_B4B-XH-A_1x04_P2.50mm_Vertical,Motor Y1,tht,True
91.0,-86.5,-90.0,top,J23,,JST_XH_B4B-XH-A_1x04_P2.50mm_Vertical,Motor Y,tht,True
169.9,-104.0,180.0,top,J24,,JST_XH_B4B-XH-A_1x04_P2.50mm_Vertical,Motor E,tht,True
152.0,-93.8,180.0,top,J25,,JST_XH_B2B-XH-A_1x02_P2.50mm_Vertical,Endstop Q,tht,True
129.116666,-70.725,180.0,top,J26,,JST_XH_B2B-XH-A_1x02_P2.50mm_Vertical,Endstop Z,tht,True
140.2,-83.78,0.0,top,J27,,PinHeader_1x05_P2.54mm_Vertical,Probe/Optional Header,tht,True
187.6,-92.8,90.0,top,J3,,39303055,Power In,tht,True
187.746545,-78.117214,-90.0,top,J4,,XT30PWF,Hotend / Can 24V,tht,True
98.924086,-108.438804,135.0,top,J5,,AMASS_XT60PW-F_1x02_P7.20mm_Horizontal,Hotbed,tht,True
93.0,-102.8,-135.0,top,J7,,JST_XH_B2B-XH-A_1x02_P2.50mm_Vertical,Thermistor Bed,tht,True
167.5,-93.8,180.0,top,J8,,JST_XH_B2B-XH-A_1x02_P2.50mm_Vertical,Thermistor HE/Can L,tht,True
119.1,-95.2,180.0,top,J9,,JST_XH_B2B-XH-A_1x02_P2.50mm_Vertical,Thermistor Aux,tht,True
197.725,-115.925,-90.0,top,JP1,,PinHeader_1x02_P2.54mm_Vertical,AGND In/ GND Jumper,tht,True
188.1,-70.375,90.0,top,R1,,R_0805_2012Metric_Pad1.20x1.40mm_HandSolder,4.7K,smt,True
100.2,-96.392893,135.0,top,R2,,R_0805_2012Metric_Pad1.20x1.40mm_HandSolder,4.7K,smt,True
160.5,-91.5,0.0,top,TP1,,TestPoint_Pad_D2.0mm,Test TH,tht,False
160.6,-94.9,0.0,top,TP2,,TestPoint_Pad_D2.0mm,Test TH,tht,False
112.0,-96.3,0.0,top,TP3,,TestPoint_Pad_D2.0mm,Test TA,tht,False
112.0,-93.1,0.0,top,TP4,,TestPoint_Pad_D2.0mm,Test TA,tht,False
95.0,-98.0,0.0,top,TP5,,TestPoint_Pad_D2.0mm,Test TB,tht,False
97.2,-100.1,0.0,top,TP6,,TestPoint_Pad_D2.0mm,Test TB,tht,False
