"Footprint","Part Value","LCSC Part"
"0430452400","Steppers In","C277384"
"39303055","Power In","C485326"
"43045-22_00,01,02,10_","Sensors In","C127339"
"AMASS_XT60PW-F_1x02_P7.20mm_Horizontal","Hotbed","C428722"
"D_SOD-323F","BAT54J","C130415"
"FUSE-TH_XF-506P","XF-506P","C492610"
"JST_XH_B2B-XH-A_1x02_P2.50mm_Vertical","Endstop Y","C5175248"
"JST_XH_B2B-XH-A_1x02_P2.50mm_Vertical","Thermistor Aux","C5175248"
"JST_XH_B2B-XH-A_1x02_P2.50mm_Vertical","Fan Hotend/Can HL","C5175248"
"JST_XH_B2B-XH-A_1x02_P2.50mm_Vertical","Thermistor HE/Can L","C5175248"
"JST_XH_B2B-XH-A_1x02_P2.50mm_Vertical","Fan Part","C5175248"
"JST_XH_B2B-XH-A_1x02_P2.50mm_Vertical","Thermistor Bed","C5175248"
"JST_XH_B2B-XH-A_1x02_P2.50mm_Vertical","Filament Sensor / Tach","C5175248"
"JST_XH_B2B-XH-A_1x02_P2.50mm_Vertical","Endstop X","C5175248"
"JST_XH_B2B-XH-A_1x02_P2.50mm_Vertical","Endstop Q","C5175248"
"JST_XH_B2B-XH-A_1x02_P2.50mm_Vertical","Endstop Z","C5175248"
"JST_XH_B3B-XH-A_1x03_P2.50mm_Vertical","RGB","C492457"
"JST_XH_B4B-XH-A_1x04_P2.50mm_Vertical","Fan Aux","C709375"
"JST_XH_B4B-XH-A_1x04_P2.50mm_Vertical","Motor Y1","C709375"
"JST_XH_B4B-XH-A_1x04_P2.50mm_Vertical","Motor Z1","C709375"
"JST_XH_B4B-XH-A_1x04_P2.50mm_Vertical","Motor Z","C709375"
"JST_XH_B4B-XH-A_1x04_P2.50mm_Vertical","Motor E","C709375"
"JST_XH_B4B-XH-A_1x04_P2.50mm_Vertical","Motor Y","C709375"
"JST_XH_B4B-XH-A_1x04_P2.50mm_Vertical","Motor X1","C709375"
"JST_XH_B4B-XH-A_1x04_P2.50mm_Vertical","Motor X","C709375"
"LED_0805_2012Metric_Pad1.15x1.40mm_HandSolder","Green","C2297"
"PinHeader_1x02_P2.54mm_Vertical","AGND In/ GND Jumper","C2905434"
"PinHeader_1x05_P2.54mm_Vertical","Probe/Optional Header","C2935911"
"R_0805_2012Metric_Pad1.20x1.40mm_HandSolder","4.7K","C17673"
"XT30PWF","Hotend / Can 24V","C2913282"
